{
  "version": "0.14.4",
  "database": {
    "bucket_size": 8192,
    "enzyme": {
      "missed_cleavages": 2,
      "min_len": 7,
      "max_len": 50,
      "cleave_at": "KR",
      "restrict": "P",
      "c_terminal": null
    },
    "fragment_min_mz": 150.0,
    "fragment_max_mz": 2000.0,
    "peptide_min_mass": 500.0,
    "peptide_max_mass": 5000.0,
    "ion_kinds": [
      "b",
      "y"
    ],
    "min_ion_index": 2,
    "static_mods": {
      "C": 57.0215
    },
    "variable_mods": {
      "M": [
        15.994
      ]
    },
    "max_variable_mods": 3,
    "decoy_tag": "rev_",
    "generate_decoys": true,
    "fasta": "iprg2016_with_labels.fasta"
  },
  "quant": {
    "tmt": null,
    "tmt_settings": {
      "level": 3,
      "sn": false
    },
    "lfq": true,
    "lfq_settings": {
      "peak_scoring": "Hybrid",
      "integration": "Sum",
      "spectral_angle": 0.6,
      "ppm_tolerance": 5.0,
      "combine_charge_states": true
    }
  },
  "precursor_tol": {
    "ppm": [
      -20.0,
      20.0
    ]
  },
  "fragment_tol": {
    "ppm": [
      -20.0,
      20.0
    ]
  },
  "precursor_charge": [
    2,
    4
  ],
  "isotope_errors": [
    0,
    2
  ],
  "deisotope": true,
  "chimera": false,
  "wide_window": false,
  "min_peaks": 15,
  "max_peaks": 150,
  "max_fragment_charge": 1,
  "min_matched_peaks": 4,
  "report_psms": 1,
  "predict_rt": true,
  "mzml_paths": [
    "mzML/A1.mzML",
    "mzML/A2.mzML",
    "mzML/A3.mzML",
    "mzML/B1.mzML",
    "mzML/B2.mzML",
    "mzML/B3.mzML",
    "mzML/C1.mzML",
    "mzML/C2.mzML",
    "mzML/C3.mzML"
  ],
  "output_paths": [
    "sage/results.sage.tsv",
    "sage/lfq.tsv",
    "sage/results.json"
  ]
}